AdaBoost,0.0,0.0
Bagging,0.0,0.6
DecisionTree,0.0,0.0
random_forrest,0.0,0.7999999999999998
XGBoost,0.0,0.3550331054375424
