AdaBoost,0.0,0.0
Bagging,0.0,0.35999999999999993
DecisionTree,0.0,0.0
random_forrest,0.0,0.6400000000000002
XGBoost,0.0,0.12604850595662506
