AdaBoost,0.0,0.0
Bagging,0.0,0.5
DecisionTree,0.0,1.0
random_forrest,0.0,0.3013513513513514
XGBoost,0.0,0.35579793296270606
