AdaBoost,0.0,0.0
Bagging,0.0,0.25
DecisionTree,0.0,1.0
random_forrest,0.0,0.09094594594594597
XGBoost,0.0,0.12659216910053428
850595662506
